KACZUSZKA gumowa zabawka do k¹pieli 20szt. ZA1163,700,20,https://allegro.pl/events/clicks?emission_unit_id=11c57d6a-6965-4808-8630-3ffec64e259f&type=OFFER&ts=1600861090519&redirect=https%3A%2F%2Fallegro.pl%2Foferta%2Fkaczuszka-gumowa-zabawka-do-kapieli-20szt-za1163-9608879290%3Fbi_s%3Dads%26bi_m%3Dlisting%253Adesktop%253Aqueryandcategory%26bi_c%3DNjVlZDlhMzAtNjNjOS00NzA4LThlZjctMDJmZWIxY2ZhY2Y1AA%26bi_t%3Dape&placement=listing:desktop:queryandcategory&sig=0d30df0161ebe95581a3bc24467a329c
KACZUSZKA gumowa zabawka do k¹pieli 20szt. ZA1163,60,20,https://allegro.pl/events/clicks?emission_unit_id=9cf10792-8f70-4dbe-91ab-d84abfc7b484&type=OFFER&ts=1600861090520&redirect=https%3A%2F%2Fallegro.pl%2Foferta%2Fkaczuszka-gumowa-zabawka-do-kapieli-20szt-za1163-9613322033%3Fbi_s%3Dads%26bi_m%3Dlisting%253Adesktop%253Aqueryandcategory%26bi_c%3DZjJkNTlhOWQtNmQ5Yi00NjM5LTg0Y2YtZjAxMWQwY2RiYmI2AA%26bi_t%3Dape&placement=listing:desktop:queryandcategory&sig=b78cae85e218bcaf70bda112c9c9039d
Gumowe kaczki kaczuszki zabawki do k¹pieli HB8890,22,1,https://allegro.pl/oferta/gumowe-kaczki-kaczuszki-zabawki-do-kapieli-hb8890-9531361780
4 szt KACZKA MYDELNICZKA KACZUSZKA DO K¥PIELI,8,4,https://allegro.pl/oferta/4-szt-kaczka-mydelniczka-kaczuszka-do-kapieli-9694886571
GUMOWA KACZKA kaczuszka zabawka do k¹pieli OKULARY,7,1,https://allegro.pl/oferta/gumowa-kaczka-kaczuszka-zabawka-do-kapieli-okulary-9553453562
KACZUSZKA DO K¥PIELI BEZ DZIURKI P£YWAJ¥CA GUMOWA,4,1,https://allegro.pl/oferta/kaczuszka-do-kapieli-bez-dziurki-plywajaca-gumowa-9653247128
KACZUSZKA gumowa zabawka do k¹pieli 20szt. ZA1163,700,20,https://allegro.pl/oferta/kaczuszka-gumowa-zabawka-do-kapieli-20szt-za1163-9608879290
KACZUSZKA DO K¥PIELI BEZ DZIURKI P£YWAJ¥CA Z PL,7,1,https://allegro.pl/oferta/kaczuszka-do-kapieli-bez-dziurki-plywajaca-z-pl-9655380366
GUMOWA KACZKA kaczuszka zabawka do k¹pieli NIEBIES,5,1,https://allegro.pl/oferta/gumowa-kaczka-kaczuszka-zabawka-do-kapieli-niebies-9553444904
Gumowe kaczki kaczuszki zabawki do k¹pieli HB8890,3,1,https://allegro.pl/oferta/gumowe-kaczki-kaczuszki-zabawki-do-kapieli-hb8890-9531263340
KACZUSZKI DO K¥PIELI GUMOWE 4 SZT PISZCZ¥CE,16,4,https://allegro.pl/oferta/kaczuszki-do-kapieli-gumowe-4-szt-piszczace-9648041580
GUMOWA KACZKA kaczuszka zabawka do k¹pieli BIA£A,8,1,https://allegro.pl/oferta/gumowa-kaczka-kaczuszka-zabawka-do-kapieli-biala-9553447581
KACZUSZKA gumowa zabawka do k¹pieli 20szt. ZA1163,40,20,https://allegro.pl/events/clicks?emission_unit_id=34b233c4-645e-47eb-840d-e9a1000e8277&type=OFFER&ts=1600861090520&redirect=https%3A%2F%2Fallegro.pl%2Foferta%2Fkaczuszka-gumowa-zabawka-do-kapieli-20szt-za1163-9616652071%3Fbi_s%3Dads%26bi_m%3Dlisting%253Adesktop%253Aqueryandcategory%26bi_c%3DYWJmMzU3NDUtZjc0OS00MDg5LTg5MWUtMjhmNTg4OTQwNDI2AA%26bi_t%3Dape&placement=listing:desktop:queryandcategory&sig=c8aec94433df3248f57089c3ee37fe06
Gumowe kaczki kaczuszki zabawki do k¹pieli,0,1,https://allegro.pl/oferta/gumowe-kaczki-kaczuszki-zabawki-do-kapieli-9533836745
KACZA RODZINA KACZUSZKA gumowa do k¹pieli 5 szt,0,5,https://allegro.pl/oferta/kacza-rodzina-kaczuszka-gumowa-do-kapieli-5-szt-9695190209
Gumowe kaczki kaczuszki zabawki do k¹pieli HB8890,1,1,https://allegro.pl/oferta/gumowe-kaczki-kaczuszki-zabawki-do-kapieli-hb8890-9531370021
KACZUSZKA gumowa zabawka do k¹pieli 20szt. ZA1163,40,20,https://allegro.pl/oferta/kaczuszka-gumowa-zabawka-do-kapieli-20szt-za1163-9616652071
GUMOWA KACZKA kaczuszka zabawka do k¹pieli RÓ¯OWA,7,1,https://allegro.pl/oferta/gumowa-kaczka-kaczuszka-zabawka-do-kapieli-rozowa-9543463248
KACZUSZKA gumowa zabawka do k¹pieli 20szt. ZA1163,60,20,https://allegro.pl/oferta/kaczuszka-gumowa-zabawka-do-kapieli-20szt-za1163-9613322033
TULLO ZABAWKA GUMOWA DO K¥PIELI KACZUSZKI 4SZT 012,8,4,https://allegro.pl/oferta/tullo-zabawka-gumowa-do-kapieli-kaczuszki-4szt-012-7354219073
Kaczka kaczuszka gumowa do k¹pieli Pielêgniarka,0,1,https://allegro.pl/oferta/kaczka-kaczuszka-gumowa-do-kapieli-pielegniarka-8029996780
HENCZ GUMOWA ZABAWKA DO K¥PIELI KACZUSZKA,1,1,https://allegro.pl/oferta/hencz-gumowa-zabawka-do-kapieli-kaczuszka-9615211382
"Gumowa kaczuszka mini Kawan miêtowa kauczuk, Hevea",0,1,https://allegro.pl/oferta/gumowa-kaczuszka-mini-kawan-mietowa-kauczuk-hevea-8315927239
KACZUSZKI DO K¥PIELI GUMOWE 4 SZT PISZCZ¥CE,16,4,https://allegro.pl/events/clicks?emission_unit_id=12d7ebcb-73af-4971-af54-45e94866d4af&type=OFFER&ts=1600861090520&redirect=https%3A%2F%2Fallegro.pl%2Foferta%2Fkaczuszki-do-kapieli-gumowe-4-szt-piszczace-9648041580%3Fbi_s%3Dads%26bi_m%3Dlisting%253Adesktop%253Aqueryandcategory%26bi_c%3DOTUzNTYxNzQtZGFkZi00MmQ2LWFhODgtNDMyMjhmMGM0MzNmAA%26bi_t%3Dape&placement=listing:desktop:queryandcategory&sig=25b1da07488fe626e78df0c876a4dd08
TULLO GUMOWA ZABAWKA DO K¥PIELI KACZUSZKI 3SZT 122,0,3,https://allegro.pl/oferta/tullo-gumowa-zabawka-do-kapieli-kaczuszki-3szt-122-7413426609
Zestaw gumowych zabawek kaczuszek do k¹pieli 4szt.,4,4,https://allegro.pl/oferta/zestaw-gumowych-zabawek-kaczuszek-do-kapieli-4szt-9366509462
¯ó³ta gumowa kaczuszka do k¹pieli - 1 sztuka,4,1,https://allegro.pl/oferta/zolta-gumowa-kaczuszka-do-kapieli-1-sztuka-9631943330
SIMBA GUMOWA KACZUSZKA,0,1,https://allegro.pl/oferta/simba-gumowa-kaczuszka-9707917036
Gumowa kaczka kaczuszka do k¹pieli zestaw 3 szt,0,3,https://allegro.pl/oferta/gumowa-kaczka-kaczuszka-do-kapieli-zestaw-3-szt-9447228724
Gumowa kaczka kaczuszka do k¹pieli zestaw 3 szt,0,3,https://allegro.pl/oferta/gumowa-kaczka-kaczuszka-do-kapieli-zestaw-3-szt-9447228628
Gumowa kaczuszka do k¹pieli zestaw 3 szt,3,3,https://allegro.pl/oferta/gumowa-kaczuszka-do-kapieli-zestaw-3-szt-9335958343
ZABAWKA DO K¥PIELI GUMOWE KACZUSZKI 4 SZT,0,4,https://allegro.pl/oferta/zabawka-do-kapieli-gumowe-kaczuszki-4-szt-9580295154
ZABAWKA DO K¥PIELI KACZA RODZINKA 3 KACZUSZKI,3,3,https://allegro.pl/oferta/zabawka-do-kapieli-kacza-rodzinka-3-kaczuszki-9580375389
KACZUSZKI GUMOWE 2 SZTUKI DO K¥PIELI,2,2,https://allegro.pl/oferta/kaczuszki-gumowe-2-sztuki-do-kapieli-9580406888
TULLO GUMOWE KACZUSZKI DO K¥PIELI 4szt. ¯Ó£TE 012,4,4,https://allegro.pl/events/clicks?emission_unit_id=f17cdeea-1012-44ab-adfe-0737549cbc70&type=OFFER&ts=1600861090520&redirect=https%3A%2F%2Fallegro.pl%2Foferta%2Ftullo-gumowe-kaczuszki-do-kapieli-4szt-zolte-012-9240757162%3Fbi_s%3Dads%26bi_m%3Dlisting%253Adesktop%253Aqueryandcategory%26bi_c%3DOGI4Y2NmM2EtZjFhYS00NmY2LTk5YTAtNjg2MDc1NzliMjQwAA%26bi_t%3Dape&placement=listing:desktop:queryandcategory&sig=e1346d865adc06bb3d5ad1b5c9701370
KACZUSZKA GUMOWA DO K¥PIELI 3 SZT/3 WZORY,0,3,https://allegro.pl/oferta/kaczuszka-gumowa-do-kapieli-3-szt-3-wzory-9393477351
Kaczuszka Gumowa Zabawka Do K¹pieli 20szt. AR1163,0,20,https://allegro.pl/oferta/kaczuszka-gumowa-zabawka-do-kapieli-20szt-ar1163-9623274048
Gumowa kaczuszka do k¹pieli zestaw 3 szt,0,3,https://allegro.pl/oferta/gumowa-kaczuszka-do-kapieli-zestaw-3-szt-9335956552
HENCZ GUMOWA ZABAWKA DO K¥PIELI KACZUSZKA,1,1,https://allegro.pl/oferta/hencz-gumowa-zabawka-do-kapieli-kaczuszka-9614967424
¯ó³ta gumowa kaczuszka do k¹pieli - 20 sztuk,0,20,https://allegro.pl/oferta/zolta-gumowa-kaczuszka-do-kapieli-20-sztuk-9631944768
Kaczuszka gumowa do k¹pieli czujnik temp Munchkin,0,1,https://allegro.pl/oferta/kaczuszka-gumowa-do-kapieli-czujnik-temp-munchkin-9021962107
Gumowe kaczki kaczuszki zabawki do k¹pieli,1,1,https://allegro.pl/oferta/gumowe-kaczki-kaczuszki-zabawki-do-kapieli-9568623195
Gumowe kaczki kaczuszki zabawki do k¹pieli,2,1,https://allegro.pl/oferta/gumowe-kaczki-kaczuszki-zabawki-do-kapieli-9568674264
Gumowa kaczka kaczuszka do k¹pieli zestaw 3 szt,0,3,https://allegro.pl/oferta/gumowa-kaczka-kaczuszka-do-kapieli-zestaw-3-szt-9447420604
Gumowa kaczka kaczuszka do k¹pieli zestaw 3 szt,0,3,https://allegro.pl/oferta/gumowa-kaczka-kaczuszka-do-kapieli-zestaw-3-szt-9447420498
Gumowe kaczki kaczuszki zabawki do k¹pieli HB8890,22,1,https://allegro.pl/events/clicks?emission_unit_id=6a7363a8-a2b7-4465-82d9-b1816f7a8ab8&type=OFFER&ts=1600861090520&redirect=https%3A%2F%2Fallegro.pl%2Foferta%2Fgumowe-kaczki-kaczuszki-zabawki-do-kapieli-hb8890-9531361780%3Fbi_s%3Dads%26bi_m%3Dlisting%253Adesktop%253Aqueryandcategory%26bi_c%3DYTdlZTRhNTEtZWM3ZS00ZGFmLWFiMzQtNjg1MmMwOGI3M2EwAA%26bi_t%3Dape&placement=listing:desktop:queryandcategory&sig=20dbb17ad3d025577bcf2174cb753645
"Zwierzêta do k¹pieli - kaczuszka, Tullo",2,1,https://allegro.pl/oferta/zwierzeta-do-kapieli-kaczuszka-tullo-9633184088
Kaczuszka Gumowa Zabawka Do K¹pieli 20szt. AR1163,60,20,https://allegro.pl/oferta/kaczuszka-gumowa-zabawka-do-kapieli-20szt-ar1163-9616567624
ASKATO Kaczuszka do wody,0,1,https://allegro.pl/oferta/askato-kaczuszka-do-wody-9697185367
Gumowa kaczka kaczuszka do k¹pieli zestaw 3 szt,0,3,https://allegro.pl/oferta/gumowa-kaczka-kaczuszka-do-kapieli-zestaw-3-szt-9447233695
Kaczuszka do k¹pieli ZABAWKA GUMOWA TULLO PL,0,1,https://allegro.pl/oferta/kaczuszka-do-kapieli-zabawka-gumowa-tullo-pl-9198134446
ZABAWKA DO K¥PIELI W WANIENCE KACZUSZKI LUB ¯ABKI,0,1,https://allegro.pl/oferta/zabawka-do-kapieli-w-wanience-kaczuszki-lub-zabki-9580381955
Zabawka kaczuszka gumowa John Deere,0,1,https://allegro.pl/oferta/zabawka-kaczuszka-gumowa-john-deere-9099196440
Kaczuszka Gumowa Zabawka Do K¹pieli 20szt. AR1163,0,20,https://allegro.pl/oferta/kaczuszka-gumowa-zabawka-do-kapieli-20szt-ar1163-9623124554
GUMOWA KACZUSZKA DO K¥PIELI TULLO PISZCZEK,0,1,https://allegro.pl/oferta/gumowa-kaczuszka-do-kapieli-tullo-piszczek-8909820696
Gumowa kaczka kaczuszka do k¹pieli zestaw 3 szt,0,3,https://allegro.pl/oferta/gumowa-kaczka-kaczuszka-do-kapieli-zestaw-3-szt-9447229860
TULLO GUMOWA ZABAWKA DO K¥PIELI KACZUSZKI 3SZT 122,0,3,https://allegro.pl/events/clicks?emission_unit_id=a62d09a7-6052-4322-8ab5-cb2bac2a2f70&type=OFFER&ts=1600861090520&redirect=https%3A%2F%2Fallegro.pl%2Foferta%2Ftullo-gumowa-zabawka-do-kapieli-kaczuszki-3szt-122-7413426609%3Fbi_s%3Dads%26bi_m%3Dlisting%253Adesktop%253Aqueryandcategory%26bi_c%3DZTNmYjIyZTktNTkwZC00OGFmLThhNTItZTIxMzk5MDI1NDljAA%26bi_t%3Dape&placement=listing:desktop:queryandcategory&sig=1e8f50667f6bfde82613c9fce621782e
GUMOWA KACZUSZKA DO K¥PIELI TULLO PISZCZEK,0,1,https://allegro.pl/oferta/gumowa-kaczuszka-do-kapieli-tullo-piszczek-8909824695
GUMOWA KACZUSZKA DO K¥PIELI TULLO BEZ DZIURKI,0,1,https://allegro.pl/oferta/gumowa-kaczuszka-do-kapieli-tullo-bez-dziurki-9150146369
GUMOWA KACZUSZKA DO K¥PIELI TULLO BEZ DZIURKI,0,1,https://allegro.pl/oferta/gumowa-kaczuszka-do-kapieli-tullo-bez-dziurki-8909813968
GUMOWA KACZUSZKA DO K¥PIELI TULLO BEZ DZIURKI,0,1,https://allegro.pl/oferta/gumowa-kaczuszka-do-kapieli-tullo-bez-dziurki-8909814173
GUMOWA KACZUSZKA DO K¥PIELI HENCZ TOYS PISZCZEK,0,1,https://allegro.pl/oferta/gumowa-kaczuszka-do-kapieli-hencz-toys-piszczek-9339683702
"Gumowa kaczuszka Kawan, naturalny kauczuk, Hevea",0,1,https://allegro.pl/oferta/gumowa-kaczuszka-kawan-naturalny-kauczuk-hevea-8125911953
GUMOWA KACZUSZKA DO K¥PIELI TULLO BEZ DZIURKI,0,1,https://allegro.pl/oferta/gumowa-kaczuszka-do-kapieli-tullo-bez-dziurki-8909828435
Gumowa kaczuszka do k¹pieli zestaw 3 szt,0,3,https://allegro.pl/oferta/gumowa-kaczuszka-do-kapieli-zestaw-3-szt-9335937029
GUMOWA KACZUSZKA DO K¥PIELI TULLO BEZ DZIURKI,0,1,https://allegro.pl/oferta/gumowa-kaczuszka-do-kapieli-tullo-bez-dziurki-8909824403
GUMOWA KACZUSZKA DO K¥PIELI HENCZ TOYS PISZCZEK,0,1,https://allegro.pl/oferta/gumowa-kaczuszka-do-kapieli-hencz-toys-piszczek-9339712775
KACZUSZKA DO K¥PIELI BEZ DZIURKI P£YWAJ¥CA GUMOWA,4,1,https://allegro.pl/events/clicks?emission_unit_id=9d987122-c436-4a94-8904-40fae044d9a6&type=OFFER&ts=1600861090520&redirect=https%3A%2F%2Fallegro.pl%2Foferta%2Fkaczuszka-do-kapieli-bez-dziurki-plywajaca-gumowa-9653247128%3Fbi_s%3Dads%26bi_m%3Dlisting%253Adesktop%253Aqueryandcategory%26bi_c%3DZTk4NzExYzYtNzFmNS00MGI4LWJkNzYtZDE0NDczOTM5ZWQ5AA%26bi_t%3Dape&placement=listing:desktop:queryandcategory&sig=48360a68be1431d52601d84aa951c353
"Gumowa kaczuszka Kawan, naturalny kauczuk, Hevea",0,1,https://allegro.pl/events/clicks?emission_unit_id=8936c051-7efd-4d33-a5e0-0e8f61b9401e&type=OFFER&ts=1600861090520&redirect=https%3A%2F%2Fallegro.pl%2Foferta%2Fgumowa-kaczuszka-kawan-naturalny-kauczuk-hevea-8125911953%3Fbi_s%3Dads%26bi_m%3Dlisting%253Adesktop%253Aqueryandcategory%26bi_c%3DNWNlMTIzODktZTllZC00MWNiLThlMTgtNGE2YTU2OGE5NzI2AA%26bi_t%3Dape&placement=listing:desktop:queryandcategory&sig=2df0b489b3a2f9f82fdd38404de13575
KACZUSZKA gumowa zabawka do k¹pieli 20szt. ZA1163,700,20,https://allegro.pl/events/clicks?emission_unit_id=898b3349-eb3c-4a1d-9215-b3f925e549a2&type=OFFER&ts=1600861128590&redirect=https%3A%2F%2Fallegro.pl%2Foferta%2Fkaczuszka-gumowa-zabawka-do-kapieli-20szt-za1163-9608879290%3Fbi_s%3Dads%26bi_m%3Dlisting%253Adesktop%253Aqueryandcategory%26bi_c%3DNjVlZDlhMzAtNjNjOS00NzA4LThlZjctMDJmZWIxY2ZhY2Y1AA%26bi_t%3Dape&placement=listing:desktop:queryandcategory&sig=9bd2f68c0fe0f6a9348255f2b72a4b75
KACZUSZKA gumowa zabawka do k¹pieli 20szt. ZA1163,60,20,https://allegro.pl/events/clicks?emission_unit_id=d47210b0-ae7b-443d-8e24-0cc15fef22f3&type=OFFER&ts=1600861128590&redirect=https%3A%2F%2Fallegro.pl%2Foferta%2Fkaczuszka-gumowa-zabawka-do-kapieli-20szt-za1163-9613322033%3Fbi_s%3Dads%26bi_m%3Dlisting%253Adesktop%253Aqueryandcategory%26bi_c%3DZjJkNTlhOWQtNmQ5Yi00NjM5LTg0Y2YtZjAxMWQwY2RiYmI2AA%26bi_t%3Dape&placement=listing:desktop:queryandcategory&sig=3e347835323f43bb957ac7749189555f
Kaczuszka gumowa do kapieli Hencz,0,1,https://allegro.pl/oferta/kaczuszka-gumowa-do-kapieli-hencz-9395400582
"Kaczuszka mini Kawan, Naturalny kauczuk, Ró¿owa",0,1,https://allegro.pl/oferta/kaczuszka-mini-kawan-naturalny-kauczuk-rozowa-9527149536
Gumowa kaczka kaczuszka do k¹pieli zestaw 3 szt,0,3,https://allegro.pl/oferta/gumowa-kaczka-kaczuszka-do-kapieli-zestaw-3-szt-9447431172
Gumowa kaczka kaczuszka do k¹pieli zestaw 3 szt,0,3,https://allegro.pl/oferta/gumowa-kaczka-kaczuszka-do-kapieli-zestaw-3-szt-9447230825
Gumowe kaczuszki Zestaw 4szt. Zabawki do k¹pieli,0,4,https://allegro.pl/oferta/gumowe-kaczuszki-zestaw-4szt-zabawki-do-kapieli-9586544738
Kaczuszka do k¹pieli Zestaw do Wanny + Kubeczki,0,1,https://allegro.pl/oferta/kaczuszka-do-kapieli-zestaw-do-wanny-kubeczki-9651878752
¯ó³ta gumowa kaczuszka do k¹pieli - 20 sztuk,0,20,https://allegro.pl/oferta/zolta-gumowa-kaczuszka-do-kapieli-20-sztuk-9631960450
GUMOWA KACZUSZKA DO K¥PIELI HENCZ TOYS PISZCZEK,0,1,https://allegro.pl/oferta/gumowa-kaczuszka-do-kapieli-hencz-toys-piszczek-9339712775
ZABAWKA DO K¥PIELI KACZUSZKA ¯ABKA RYBKA 3 SZT,0,3,https://allegro.pl/oferta/zabawka-do-kapieli-kaczuszka-zabka-rybka-3-szt-9595865318
KACZUSZKA DO K¥PIELI JEDNORO¯EC GUMA BIA£A PISZCZY,0,1,https://allegro.pl/oferta/kaczuszka-do-kapieli-jednorozec-guma-biala-piszczy-8954426940
KACZUSZKA gumowa zabawka do k¹pieli 20szt. ZA1163,40,20,https://allegro.pl/events/clicks?emission_unit_id=5a01ae65-bc29-44f5-af88-04a06b43d910&type=OFFER&ts=1600861128590&redirect=https%3A%2F%2Fallegro.pl%2Foferta%2Fkaczuszka-gumowa-zabawka-do-kapieli-20szt-za1163-9616652071%3Fbi_s%3Dads%26bi_m%3Dlisting%253Adesktop%253Aqueryandcategory%26bi_c%3DYWJmMzU3NDUtZjc0OS00MDg5LTg5MWUtMjhmNTg4OTQwNDI2AA%26bi_t%3Dape&placement=listing:desktop:queryandcategory&sig=60d3678c9602e4df82c9d1e501a7f381
GUMOWA KACZUSZKA DO K¥PIELI TULLO BEZ DZIURKI,0,1,https://allegro.pl/oferta/gumowa-kaczuszka-do-kapieli-tullo-bez-dziurki-9150163605
DU¯A GUMOWA KACZUSZKA DO K¥PIELI TULLO PISZCZEK,0,1,https://allegro.pl/oferta/duza-gumowa-kaczuszka-do-kapieli-tullo-piszczek-8909824017
Gumowa kaczuszka do k¹pieli zestaw 3 szt,0,3,https://allegro.pl/oferta/gumowa-kaczuszka-do-kapieli-zestaw-3-szt-9335956552
Zabawki dla ma³ych dzieci Gumowe kaczuszki 4szt.,0,4,https://allegro.pl/oferta/zabawki-dla-malych-dzieci-gumowe-kaczuszki-4szt-9586544601
GUMOWA KACZUSZKA DO K¥PIELI TULLO BEZ DZIURKI,0,1,https://allegro.pl/oferta/gumowa-kaczuszka-do-kapieli-tullo-bez-dziurki-8909828435
Kaczuszka do k¹pieli Gumowa dla malucha Tullo,0,1,https://allegro.pl/oferta/kaczuszka-do-kapieli-gumowa-dla-malucha-tullo-9629758510
Kaczuszka do k¹pieli Zestaw do Wanny + Kubeczki,0,1,https://allegro.pl/oferta/kaczuszka-do-kapieli-zestaw-do-wanny-kubeczki-9659743323
Gumowa kaczka kaczuszka do k¹pieli zestaw 3 szt,0,3,https://allegro.pl/oferta/gumowa-kaczka-kaczuszka-do-kapieli-zestaw-3-szt-9447228628
KACZUSZKA gumowa zabawka do k¹pieli 20szt. ZA1163,0,20,https://allegro.pl/oferta/kaczuszka-gumowa-zabawka-do-kapieli-20szt-za1163-9718956149
GUMOWA KACZUSZKA DO K¥PIELI TULLO BEZ DZIURKI,0,1,https://allegro.pl/oferta/gumowa-kaczuszka-do-kapieli-tullo-bez-dziurki-9150146369
KACZUSZKI DO K¥PIELI GUMOWE 4 SZT PISZCZ¥CE,16,4,https://allegro.pl/events/clicks?emission_unit_id=36aeab8c-25d6-4bf3-90b6-e455eeb3f8f2&type=OFFER&ts=1600861128590&redirect=https%3A%2F%2Fallegro.pl%2Foferta%2Fkaczuszki-do-kapieli-gumowe-4-szt-piszczace-9648041580%3Fbi_s%3Dads%26bi_m%3Dlisting%253Adesktop%253Aqueryandcategory%26bi_c%3DOTUzNTYxNzQtZGFkZi00MmQ2LWFhODgtNDMyMjhmMGM0MzNmAA%26bi_t%3Dape&placement=listing:desktop:queryandcategory&sig=4bb410b3a0f3fd7c24e6a4c8dc99fe15
GUMOWA KACZUSZKA DO K¥PIELI TULLO BEZ DZIURKI,0,1,https://allegro.pl/oferta/gumowa-kaczuszka-do-kapieli-tullo-bez-dziurki-8909813968
"Kaczuszka k¹pielowa, bia³a",0,1,https://allegro.pl/oferta/kaczuszka-kapielowa-biala-9634010777
Gumowe kaczuszki Zestaw 4szt. Zabawki do k¹pieli,0,4,https://allegro.pl/oferta/gumowe-kaczuszki-zestaw-4szt-zabawki-do-kapieli-9586544915
HENCZ TOYS ZABAWKI DO K¥PIELI KACZUSZKI 522,0,1,https://allegro.pl/oferta/hencz-toys-zabawki-do-kapieli-kaczuszki-522-9506743938
Kaczuszka gumowa do kapieli Hencz,0,1,https://allegro.pl/oferta/kaczuszka-gumowa-do-kapieli-hencz-9413339760
Gumowa kaczuszka do k¹pieli zestaw 3 szt,0,3,https://allegro.pl/oferta/gumowa-kaczuszka-do-kapieli-zestaw-3-szt-9335937029
Zabawki dla ma³ych dzieci Gumowe kaczuszki 4szt.,0,4,https://allegro.pl/oferta/zabawki-dla-malych-dzieci-gumowe-kaczuszki-4szt-9586544683
SIMBA GUMOWA KACZUSZKA,0,1,https://allegro.pl/oferta/simba-gumowa-kaczuszka-8992780765
Gumowa kaczuszka Kawan naturalny kauczuk Hevea,0,1,https://allegro.pl/oferta/gumowa-kaczuszka-kawan-naturalny-kauczuk-hevea-8822147886
Gumowa kaczka kaczuszka do k¹pieli zestaw 3 szt,0,3,https://allegro.pl/oferta/gumowa-kaczka-kaczuszka-do-kapieli-zestaw-3-szt-9447231383
TULLO GUMOWE KACZUSZKI DO K¥PIELI 4szt. ¯Ó£TE 012,4,4,https://allegro.pl/events/clicks?emission_unit_id=40ade2fc-db0f-41e4-8154-956c970a7c25&type=OFFER&ts=1600861128590&redirect=https%3A%2F%2Fallegro.pl%2Foferta%2Ftullo-gumowe-kaczuszki-do-kapieli-4szt-zolte-012-9240757162%3Fbi_s%3Dads%26bi_m%3Dlisting%253Adesktop%253Aqueryandcategory%26bi_c%3DOGI4Y2NmM2EtZjFhYS00NmY2LTk5YTAtNjg2MDc1NzliMjQwAA%26bi_t%3Dape&placement=listing:desktop:queryandcategory&sig=6b360581a2781a85d94f60ebef0c2541
Gumowa kaczka kaczuszka do k¹pieli zestaw 3 szt,0,3,https://allegro.pl/oferta/gumowa-kaczka-kaczuszka-do-kapieli-zestaw-3-szt-9447427188
Gumowa kaczka kaczuszka do k¹pieli zestaw 3 szt,0,3,https://allegro.pl/oferta/gumowa-kaczka-kaczuszka-do-kapieli-zestaw-3-szt-9447420604
Gumowa kaczka kaczuszka do k¹pieli zestaw 3 szt,0,3,https://allegro.pl/oferta/gumowa-kaczka-kaczuszka-do-kapieli-zestaw-3-szt-9447420498
Gumowa kaczka kaczuszka do k¹pieli zestaw 3 szt,0,3,https://allegro.pl/oferta/gumowa-kaczka-kaczuszka-do-kapieli-zestaw-3-szt-9447230743
KACZUSZKA gumowa zabawka do k¹pieli 20szt. ZA1163,0,20,https://allegro.pl/oferta/kaczuszka-gumowa-zabawka-do-kapieli-20szt-za1163-9685990232
KACZUSZKA gumowa zabawka do k¹pieli 20szt.,0,20,https://allegro.pl/oferta/kaczuszka-gumowa-zabawka-do-kapieli-20szt-9671413963
KACZUSZKA gumowa zabawka do k¹pieli 20szt.,0,20,https://allegro.pl/oferta/kaczuszka-gumowa-zabawka-do-kapieli-20szt-9671425062
Gumowe kaczki kaczuszki zabawki do k¹pieli,2,1,https://allegro.pl/oferta/gumowe-kaczki-kaczuszki-zabawki-do-kapieli-9568674264
GUMOWA KACZUSZKA DO K¥PIELI TULLO PISZCZEK,0,1,https://allegro.pl/oferta/gumowa-kaczuszka-do-kapieli-tullo-piszczek-8909820696
GUMOWA KACZUSZKA zabawka do k¹pieli cztery ma³e,0,1,https://allegro.pl/oferta/gumowa-kaczuszka-zabawka-do-kapieli-cztery-male-8651714240
Gumowe kaczki kaczuszki zabawki do k¹pieli HB8890,22,1,https://allegro.pl/events/clicks?emission_unit_id=64a6372e-e128-4937-b4ca-64406de70d43&type=OFFER&ts=1600861128590&redirect=https%3A%2F%2Fallegro.pl%2Foferta%2Fgumowe-kaczki-kaczuszki-zabawki-do-kapieli-hb8890-9531361780%3Fbi_s%3Dads%26bi_m%3Dlisting%253Adesktop%253Aqueryandcategory%26bi_c%3DYTdlZTRhNTEtZWM3ZS00ZGFmLWFiMzQtNjg1MmMwOGI3M2EwAA%26bi_t%3Dape&placement=listing:desktop:queryandcategory&sig=323a6fb9419214ee1e2e4ef6861fdba0
Gumowa kaczka kaczuszka do k¹pieli zestaw 3 szt,0,3,https://allegro.pl/oferta/gumowa-kaczka-kaczuszka-do-kapieli-zestaw-3-szt-9447233607
GUMOWA KACZUSZKA DO K¥PIELI TULLO BEZ DZIURKI,0,1,https://allegro.pl/oferta/gumowa-kaczuszka-do-kapieli-tullo-bez-dziurki-8909814173
Gumowa kaczka kaczuszka do k¹pieli zestaw 3 szt,0,3,https://allegro.pl/oferta/gumowa-kaczka-kaczuszka-do-kapieli-zestaw-3-szt-9447233139
Kaczuszka do k¹pieli Gumowa z kokard¹ dla malucha,0,1,https://allegro.pl/oferta/kaczuszka-do-kapieli-gumowa-z-kokarda-dla-malucha-9608766894
"Kaczuszka k¹pielowa, zielona",0,1,https://allegro.pl/oferta/kaczuszka-kapielowa-zielona-9634010874
Gumowa kaczka kaczuszka do k¹pieli zestaw 3 szt,0,3,https://allegro.pl/oferta/gumowa-kaczka-kaczuszka-do-kapieli-zestaw-3-szt-9447233050
"Kaczuszka, Ryba i ¯abka do k¹pieli z kauczuku",0,1,https://allegro.pl/oferta/kaczuszka-ryba-i-zabka-do-kapieli-z-kauczuku-9527149299
"Kaczuszka Kawan, naturalny kauczuk, HEVEA",0,1,https://allegro.pl/oferta/kaczuszka-kawan-naturalny-kauczuk-hevea-9527149134
Kaczuszka do k¹pieli Gumowa dla malucha Tullo,0,1,https://allegro.pl/oferta/kaczuszka-do-kapieli-gumowa-dla-malucha-tullo-9629758147
SIMBA GUMOWA KACZUSZKA,0,1,https://allegro.pl/oferta/simba-gumowa-kaczuszka-8997472264
TULLO GUMOWA ZABAWKA DO K¥PIELI KACZUSZKI 3SZT 122,0,3,https://allegro.pl/events/clicks?emission_unit_id=5b1c06af-df32-46ed-a6ce-eaa1230f30ac&type=OFFER&ts=1600861128590&redirect=https%3A%2F%2Fallegro.pl%2Foferta%2Ftullo-gumowa-zabawka-do-kapieli-kaczuszki-3szt-122-7413426609%3Fbi_s%3Dads%26bi_m%3Dlisting%253Adesktop%253Aqueryandcategory%26bi_c%3DZTNmYjIyZTktNTkwZC00OGFmLThhNTItZTIxMzk5MDI1NDljAA%26bi_t%3Dape&placement=listing:desktop:queryandcategory&sig=b71b701180cb54a109660e6a77788bb3
SIMBA GUMOWA KACZUSZKA,0,1,https://allegro.pl/oferta/simba-gumowa-kaczuszka-8997066046
Kaczuszka do k¹pieli Gumowa z kokard¹ dla malucha,0,1,https://allegro.pl/oferta/kaczuszka-do-kapieli-gumowa-z-kokarda-dla-malucha-9608766937
ZABAWKA KACZUSZKA 2 SZT DO K¥PIELI,0,2,https://allegro.pl/oferta/zabawka-kaczuszka-2-szt-do-kapieli-9595872491
GUMOWA KACZUSZKA DO K¥PIELI TULLO PISZCZEK,0,1,https://allegro.pl/oferta/gumowa-kaczuszka-do-kapieli-tullo-piszczek-8909824695
Kaczuszka do k¹pieli Gumowa z kokard¹ dla malucha,0,1,https://allegro.pl/oferta/kaczuszka-do-kapieli-gumowa-z-kokarda-dla-malucha-9608767161
GUMOWA KACZUSZKA DO K¥PIELI HENCZ TOYS PISZCZEK,0,1,https://allegro.pl/oferta/gumowa-kaczuszka-do-kapieli-hencz-toys-piszczek-9339683702
Kaczuszka do k¹pieli Gumowa z kokard¹ dla malucha,0,1,https://allegro.pl/oferta/kaczuszka-do-kapieli-gumowa-z-kokarda-dla-malucha-9608767314
Zabawki dla ma³ych dzieci Gumowe kaczuszki 4szt.,0,4,https://allegro.pl/oferta/zabawki-dla-malych-dzieci-gumowe-kaczuszki-4szt-9586544428
Kaczuszka do k¹pieli Gumowa z kokard¹ dla malucha,0,1,https://allegro.pl/oferta/kaczuszka-do-kapieli-gumowa-z-kokarda-dla-malucha-9608767492
Gumowe kaczuszki Zestaw 4szt. Zabawki do k¹pieli,0,4,https://allegro.pl/oferta/gumowe-kaczuszki-zestaw-4szt-zabawki-do-kapieli-9586545185
KACZUSZKA DO K¥PIELI BEZ DZIURKI P£YWAJ¥CA GUMOWA,4,1,https://allegro.pl/events/clicks?emission_unit_id=ca880f34-a85c-4c3a-b2e0-a20e23ebc348&type=OFFER&ts=1600861128590&redirect=https%3A%2F%2Fallegro.pl%2Foferta%2Fkaczuszka-do-kapieli-bez-dziurki-plywajaca-gumowa-9653247128%3Fbi_s%3Dads%26bi_m%3Dlisting%253Adesktop%253Aqueryandcategory%26bi_c%3DZTk4NzExYzYtNzFmNS00MGI4LWJkNzYtZDE0NDczOTM5ZWQ5AA%26bi_t%3Dape&placement=listing:desktop:queryandcategory&sig=b92da6660668957d0e5f34038b419a0c
"Gumowa kaczuszka Kawan, naturalny kauczuk, Hevea",0,1,https://allegro.pl/events/clicks?emission_unit_id=60e6fbdb-f53c-408e-9c05-d0f30ce22b8b&type=OFFER&ts=1600861128591&redirect=https%3A%2F%2Fallegro.pl%2Foferta%2Fgumowa-kaczuszka-kawan-naturalny-kauczuk-hevea-8125911953%3Fbi_s%3Dads%26bi_m%3Dlisting%253Adesktop%253Aqueryandcategory%26bi_c%3DNWNlMTIzODktZTllZC00MWNiLThlMTgtNGE2YTU2OGE5NzI2AA%26bi_t%3Dape&placement=listing:desktop:queryandcategory&sig=d722ec45fdc42486d54a480afa55c221
KACZUSZKA gumowa zabawka do k¹pieli 20szt. ZA1163,700,20,https://allegro.pl/events/clicks?emission_unit_id=f6b37378-1a91-443f-a928-1805a2bb2d02&type=OFFER&ts=1600861167277&redirect=https%3A%2F%2Fallegro.pl%2Foferta%2Fkaczuszka-gumowa-zabawka-do-kapieli-20szt-za1163-9608879290%3Fbi_s%3Dads%26bi_m%3Dlisting%253Adesktop%253Aqueryandcategory%26bi_c%3DNjVlZDlhMzAtNjNjOS00NzA4LThlZjctMDJmZWIxY2ZhY2Y1AA%26bi_t%3Dape&placement=listing:desktop:queryandcategory&sig=a0421940ac0a427d948228b9974bd1b0
KACZUSZKA gumowa zabawka do k¹pieli 20szt. ZA1163,60,20,https://allegro.pl/events/clicks?emission_unit_id=1104e4fb-7ae0-410e-a995-16454e46734a&type=OFFER&ts=1600861167277&redirect=https%3A%2F%2Fallegro.pl%2Foferta%2Fkaczuszka-gumowa-zabawka-do-kapieli-20szt-za1163-9613322033%3Fbi_s%3Dads%26bi_m%3Dlisting%253Adesktop%253Aqueryandcategory%26bi_c%3DZjJkNTlhOWQtNmQ5Yi00NjM5LTg0Y2YtZjAxMWQwY2RiYmI2AA%26bi_t%3Dape&placement=listing:desktop:queryandcategory&sig=99668a775f1e767c209db776cb29bf60
Zabawki dla ma³ych dzieci Gumowe kaczuszki 4szt.,0,4,https://allegro.pl/oferta/zabawki-dla-malych-dzieci-gumowe-kaczuszki-4szt-9586544861
Gumowe kaczuszki Zestaw 4szt. Zabawki do k¹pieli,0,4,https://allegro.pl/oferta/gumowe-kaczuszki-zestaw-4szt-zabawki-do-kapieli-9586544630
Gumowe kaczuszki Zestaw 4szt. Zabawki do k¹pieli,0,4,https://allegro.pl/oferta/gumowe-kaczuszki-zestaw-4szt-zabawki-do-kapieli-9586544566
SIMBA ABC GUMOWA KACZUSZKA,0,1,https://allegro.pl/oferta/simba-abc-gumowa-kaczuszka-8992513565
Kaczuszka do k¹pieli ZABAWKA GUMOWA TULLO PL,0,1,https://allegro.pl/oferta/kaczuszka-do-kapieli-zabawka-gumowa-tullo-pl-9198125503
Kaczuszka do k¹pieli Gumowa dla malucha Tullo,0,1,https://allegro.pl/oferta/kaczuszka-do-kapieli-gumowa-dla-malucha-tullo-9629758549
Kaczuszka do k¹pieli Gumowa dla malucha Tullo,0,1,https://allegro.pl/oferta/kaczuszka-do-kapieli-gumowa-dla-malucha-tullo-9629758231
Kaczuszka do k¹pieli Gumowa dla malucha Tullo,0,1,https://allegro.pl/oferta/kaczuszka-do-kapieli-gumowa-dla-malucha-tullo-9629757576
Kaczuszka do k¹pieli Gumowa z kokard¹ dla malucha,0,1,https://allegro.pl/oferta/kaczuszka-do-kapieli-gumowa-z-kokarda-dla-malucha-9608767805
Kaczuszka do k¹pieli Gumowa dla malucha Tullo,0,1,https://allegro.pl/oferta/kaczuszka-do-kapieli-gumowa-dla-malucha-tullo-9629758187
KACZUSZKA gumowa zabawka do k¹pieli 20szt. ZA1163,40,20,https://allegro.pl/events/clicks?emission_unit_id=0d04ebd0-5eba-489b-aa83-edf755c688d5&type=OFFER&ts=1600861167277&redirect=https%3A%2F%2Fallegro.pl%2Foferta%2Fkaczuszka-gumowa-zabawka-do-kapieli-20szt-za1163-9616652071%3Fbi_s%3Dads%26bi_m%3Dlisting%253Adesktop%253Aqueryandcategory%26bi_c%3DYWJmMzU3NDUtZjc0OS00MDg5LTg5MWUtMjhmNTg4OTQwNDI2AA%26bi_t%3Dape&placement=listing:desktop:queryandcategory&sig=2d77feae86deb42dcf29e5ae08eef80e
Kaczuszka do k¹pieli Gumowa dla malucha Tullo,0,1,https://allegro.pl/oferta/kaczuszka-do-kapieli-gumowa-dla-malucha-tullo-9629757547
Kaczuszka do k¹pieli Gumowa dla malucha Tullo,0,1,https://allegro.pl/oferta/kaczuszka-do-kapieli-gumowa-dla-malucha-tullo-9629757508
Gumowe kaczuszki Zestaw 4szt. Zabawki do k¹pieli,0,4,https://allegro.pl/oferta/gumowe-kaczuszki-zestaw-4szt-zabawki-do-kapieli-9586544442
"K¹pielowe kaczuszki, ró¿owa",0,1,https://allegro.pl/oferta/kapielowe-kaczuszki-rozowa-9634010815
"Kaczuszka k¹pielowa, ¿ó³ta",0,1,https://allegro.pl/oferta/kaczuszka-kapielowa-zolta-9634007275
Kaczuszka do k¹pieli Gumowa z kokard¹ dla malucha,0,1,https://allegro.pl/oferta/kaczuszka-do-kapieli-gumowa-z-kokarda-dla-malucha-9608767998
Zabawki dla ma³ych dzieci Gumowe kaczuszki 4szt.,0,4,https://allegro.pl/oferta/zabawki-dla-malych-dzieci-gumowe-kaczuszki-4szt-9586544520
Gumowe kaczuszki Zestaw 4szt. Zabawki do k¹pieli,0,4,https://allegro.pl/oferta/gumowe-kaczuszki-zestaw-4szt-zabawki-do-kapieli-9586545263
Zabawki dla ma³ych dzieci Gumowe kaczuszki 4szt.,0,4,https://allegro.pl/oferta/zabawki-dla-malych-dzieci-gumowe-kaczuszki-4szt-9586545009
Gumowe kaczuszki Zestaw 4szt. Zabawki do k¹pieli,0,4,https://allegro.pl/oferta/gumowe-kaczuszki-zestaw-4szt-zabawki-do-kapieli-9586544967
KACZUSZKI DO K¥PIELI GUMOWE 4 SZT PISZCZ¥CE,16,4,https://allegro.pl/events/clicks?emission_unit_id=f6055a98-871c-48e2-99f5-7eb17714543b&type=OFFER&ts=1600861167278&redirect=https%3A%2F%2Fallegro.pl%2Foferta%2Fkaczuszki-do-kapieli-gumowe-4-szt-piszczace-9648041580%3Fbi_s%3Dads%26bi_m%3Dlisting%253Adesktop%253Aqueryandcategory%26bi_c%3DOTUzNTYxNzQtZGFkZi00MmQ2LWFhODgtNDMyMjhmMGM0MzNmAA%26bi_t%3Dape&placement=listing:desktop:queryandcategory&sig=bef101c1e251a23a1882e86ea2b07a51
Zabawki dla ma³ych dzieci Gumowe kaczuszki 4szt.,0,4,https://allegro.pl/oferta/zabawki-dla-malych-dzieci-gumowe-kaczuszki-4szt-9586544899
Gumowe kaczuszki Zestaw 4szt. Zabawki do k¹pieli,0,4,https://allegro.pl/oferta/gumowe-kaczuszki-zestaw-4szt-zabawki-do-kapieli-9586544586
zabawka do k¹pieli Kaczuszka,0,1,https://allegro.pl/oferta/zabawka-do-kapieli-kaczuszka-9527148324
Zabawki dla ma³ych dzieci Gumowe kaczuszki 4szt.,0,4,https://allegro.pl/oferta/zabawki-dla-malych-dzieci-gumowe-kaczuszki-4szt-9586545107
Zabawki dla ma³ych dzieci Gumowe kaczuszki 4szt.,0,4,https://allegro.pl/oferta/zabawki-dla-malych-dzieci-gumowe-kaczuszki-4szt-9586545142
Zabawki dla ma³ych dzieci Gumowe kaczuszki 4szt.,0,4,https://allegro.pl/oferta/zabawki-dla-malych-dzieci-gumowe-kaczuszki-4szt-9586544794
Gumowe kaczuszki Zestaw 4szt. Zabawki do k¹pieli,0,4,https://allegro.pl/oferta/gumowe-kaczuszki-zestaw-4szt-zabawki-do-kapieli-9586544930
Kaczuszka do k¹pieli Gumowa dla malucha Tullo,0,1,https://allegro.pl/oferta/kaczuszka-do-kapieli-gumowa-dla-malucha-tullo-9629758477
Kaczuszka do k¹pieli Gumowa z kokard¹ dla malucha,0,1,https://allegro.pl/oferta/kaczuszka-do-kapieli-gumowa-z-kokarda-dla-malucha-9608768265
Kaczuszka do k¹pieli Gumowa z kokard¹ dla malucha,0,1,https://allegro.pl/oferta/kaczuszka-do-kapieli-gumowa-z-kokarda-dla-malucha-9608767539
TULLO GUMOWE KACZUSZKI DO K¥PIELI 4szt. ¯Ó£TE 012,4,4,https://allegro.pl/events/clicks?emission_unit_id=5bbd4967-0927-4723-a869-499663569919&type=OFFER&ts=1600861167278&redirect=https%3A%2F%2Fallegro.pl%2Foferta%2Ftullo-gumowe-kaczuszki-do-kapieli-4szt-zolte-012-9240757162%3Fbi_s%3Dads%26bi_m%3Dlisting%253Adesktop%253Aqueryandcategory%26bi_c%3DOGI4Y2NmM2EtZjFhYS00NmY2LTk5YTAtNjg2MDc1NzliMjQwAA%26bi_t%3Dape&placement=listing:desktop:queryandcategory&sig=dd7e66e5fceb4d34a6b8736288303493
Zabawki dla ma³ych dzieci Gumowe kaczuszki 4szt.,0,4,https://allegro.pl/oferta/zabawki-dla-malych-dzieci-gumowe-kaczuszki-4szt-9586544646
Gumowe kaczuszki Zestaw 4szt. Zabawki do k¹pieli,0,4,https://allegro.pl/oferta/gumowe-kaczuszki-zestaw-4szt-zabawki-do-kapieli-9586545124
Gumowe kaczuszki Zestaw 4szt. Zabawki do k¹pieli,0,4,https://allegro.pl/oferta/gumowe-kaczuszki-zestaw-4szt-zabawki-do-kapieli-9586544619
Zabawka kaczuszka gumowa John Deere,0,1,https://allegro.pl/oferta/zabawka-kaczuszka-gumowa-john-deere-9099196440
GUMOWA KACZUSZKA DO K¥PIELI TULLO BEZ DZIURKI,0,1,https://allegro.pl/oferta/gumowa-kaczuszka-do-kapieli-tullo-bez-dziurki-8909815125
Gumowe zabawki do K¹pieli Kaczki Kaczuszki,0,1,https://allegro.pl/oferta/gumowe-zabawki-do-kapieli-kaczki-kaczuszki-9546871950
GUMOWA KACZUSZKA DO K¥PIELI TULLO BEZ DZIURKI,1,1,https://allegro.pl/oferta/gumowa-kaczuszka-do-kapieli-tullo-bez-dziurki-9056257648
GUMOWA ZABAWKA DO K¥PIELI KACZUSZKA PISZCZ¥CA,0,1,https://allegro.pl/oferta/gumowa-zabawka-do-kapieli-kaczuszka-piszczaca-9710314635
Gumowa kaczka kaczuszka do k¹pieli zestaw 3 szt,0,3,https://allegro.pl/oferta/gumowa-kaczka-kaczuszka-do-kapieli-zestaw-3-szt-9447433555
Gumowa kaczka kaczuszka do k¹pieli zestaw 3 szt,0,3,https://allegro.pl/oferta/gumowa-kaczka-kaczuszka-do-kapieli-zestaw-3-szt-9447234365
Gumowe kaczki kaczuszki zabawki do k¹pieli HB8890,22,1,https://allegro.pl/events/clicks?emission_unit_id=57ca32f3-0d16-4a10-8cd7-e44e6d02aeb4&type=OFFER&ts=1600861167278&redirect=https%3A%2F%2Fallegro.pl%2Foferta%2Fgumowe-kaczki-kaczuszki-zabawki-do-kapieli-hb8890-9531361780%3Fbi_s%3Dads%26bi_m%3Dlisting%253Adesktop%253Aqueryandcategory%26bi_c%3DYTdlZTRhNTEtZWM3ZS00ZGFmLWFiMzQtNjg1MmMwOGI3M2EwAA%26bi_t%3Dape&placement=listing:desktop:queryandcategory&sig=1a1b6b2e5d6b3d5f1bf6ec10bf2d9e1b
Zabawki do K¹pieli Kaczki Kaczuszki Gumowe,0,1,https://allegro.pl/oferta/zabawki-do-kapieli-kaczki-kaczuszki-gumowe-9546870235
Zabawki do Wanny Kaczki Kaczuszki Gumowe,0,1,https://allegro.pl/oferta/zabawki-do-wanny-kaczki-kaczuszki-gumowe-9546865550
Gumowa kaczuszka kaczka do k¹pieli Hevea,0,1,https://allegro.pl/oferta/gumowa-kaczuszka-kaczka-do-kapieli-hevea-9613010311
Zabawki do Wody Kaczki Kaczuszki Gumowe,0,1,https://allegro.pl/oferta/zabawki-do-wody-kaczki-kaczuszki-gumowe-9546863409
Gumowa kaczka kaczuszka do k¹pieli zestaw 3 szt,0,3,https://allegro.pl/oferta/gumowa-kaczka-kaczuszka-do-kapieli-zestaw-3-szt-9447433452
KACZUSZKA gumowa zabawka do k¹pieli 20szt. ZA1163,0,20,https://allegro.pl/oferta/kaczuszka-gumowa-zabawka-do-kapieli-20szt-za1163-9671388261
Gumowa kaczuszka kaczka do k¹pieli Hevea,0,1,https://allegro.pl/oferta/gumowa-kaczuszka-kaczka-do-kapieli-hevea-9722143927
Gumowa kaczka kaczuszka do k¹pieli zestaw 3 szt,0,3,https://allegro.pl/oferta/gumowa-kaczka-kaczuszka-do-kapieli-zestaw-3-szt-9447234229
DU¯A GUMOWA KACZUSZKA DO K¥PIELI TULLO PISZCZEK,0,1,https://allegro.pl/oferta/duza-gumowa-kaczuszka-do-kapieli-tullo-piszczek-9014319060
KACZUSZKA gumowa zabawka do k¹pieli 20szt.,0,20,https://allegro.pl/oferta/kaczuszka-gumowa-zabawka-do-kapieli-20szt-9671414475
TULLO GUMOWA ZABAWKA DO K¥PIELI KACZUSZKI 3SZT 122,0,3,https://allegro.pl/events/clicks?emission_unit_id=bbfae8ee-8856-42bc-8a48-3e896b8ce0fa&type=OFFER&ts=1600861167278&redirect=https%3A%2F%2Fallegro.pl%2Foferta%2Ftullo-gumowa-zabawka-do-kapieli-kaczuszki-3szt-122-7413426609%3Fbi_s%3Dads%26bi_m%3Dlisting%253Adesktop%253Aqueryandcategory%26bi_c%3DZTNmYjIyZTktNTkwZC00OGFmLThhNTItZTIxMzk5MDI1NDljAA%26bi_t%3Dape&placement=listing:desktop:queryandcategory&sig=4c431c1861b7961db95d7cb50fe200e1
GUMOWA KACZUSZKA DO K¥PIELI TULLO BEZ DZIURKI,0,1,https://allegro.pl/oferta/gumowa-kaczuszka-do-kapieli-tullo-bez-dziurki-9150159319
GUMOWA KACZUSZKA DO K¥PIELI TULLO BEZ DZIURKI,0,1,https://allegro.pl/oferta/gumowa-kaczuszka-do-kapieli-tullo-bez-dziurki-9014325696
GUMOWA KACZUSZKA DO K¥PIELI TULLO BEZ DZIURKI,0,1,https://allegro.pl/oferta/gumowa-kaczuszka-do-kapieli-tullo-bez-dziurki-9150166435
GUMOWA KACZUSZKA DO K¥PIELI TULLO PISZCZEK,0,1,https://allegro.pl/oferta/gumowa-kaczuszka-do-kapieli-tullo-piszczek-8909809028
GUMOWA KACZUSZKA DO K¥PIELI HENCZ TOYS PISZCZEK,0,1,https://allegro.pl/oferta/gumowa-kaczuszka-do-kapieli-hencz-toys-piszczek-9339702622
GUMOWA KACZUSZKA DO K¥PIELI TULLO PISZCZEK,0,1,https://allegro.pl/oferta/gumowa-kaczuszka-do-kapieli-tullo-piszczek-9014319480
Gumowa kaczuszka do k¹pieli zestaw 3 szt,0,3,https://allegro.pl/oferta/gumowa-kaczuszka-do-kapieli-zestaw-3-szt-9335959286
Gumowa kaczka kaczuszka do k¹pieli ró¿ne rodzaje,0,1,https://allegro.pl/oferta/gumowa-kaczka-kaczuszka-do-kapieli-rozne-rodzaje-7900439180
GUMOWA KACZUSZKA DO K¥PIELI HENCZ TOYS PISZCZEK,0,1,https://allegro.pl/oferta/gumowa-kaczuszka-do-kapieli-hencz-toys-piszczek-9339716786
"Rodzina Kaczuszek z naturalnego kauczuku, HEVEA",0,1,https://allegro.pl/oferta/rodzina-kaczuszek-z-naturalnego-kauczuku-hevea-9583811832
KACZUSZKA DO K¥PIELI BEZ DZIURKI P£YWAJ¥CA GUMOWA,4,1,https://allegro.pl/events/clicks?emission_unit_id=6d8217c6-0a21-41d3-b09e-a2554565da44&type=OFFER&ts=1600861167278&redirect=https%3A%2F%2Fallegro.pl%2Foferta%2Fkaczuszka-do-kapieli-bez-dziurki-plywajaca-gumowa-9653247128%3Fbi_s%3Dads%26bi_m%3Dlisting%253Adesktop%253Aqueryandcategory%26bi_c%3DZTk4NzExYzYtNzFmNS00MGI4LWJkNzYtZDE0NDczOTM5ZWQ5AA%26bi_t%3Dape&placement=listing:desktop:queryandcategory&sig=12963ecbbe6d987405b1f3dd3881f64d
"Gumowa kaczuszka Kawan, naturalny kauczuk, Hevea",0,1,https://allegro.pl/events/clicks?emission_unit_id=ff28e069-d2f7-469a-a0fe-04e46b6fc199&type=OFFER&ts=1600861167278&redirect=https%3A%2F%2Fallegro.pl%2Foferta%2Fgumowa-kaczuszka-kawan-naturalny-kauczuk-hevea-8125911953%3Fbi_s%3Dads%26bi_m%3Dlisting%253Adesktop%253Aqueryandcategory%26bi_c%3DNWNlMTIzODktZTllZC00MWNiLThlMTgtNGE2YTU2OGE5NzI2AA%26bi_t%3Dape&placement=listing:desktop:queryandcategory&sig=285a93edfbd8ccb21ecf91bab87396df
KACZUSZKA gumowa zabawka do k¹pieli 20szt. ZA1163,700,20,https://allegro.pl/events/clicks?emission_unit_id=c223e17a-e094-4d74-b393-8013eea66888&type=OFFER&ts=1600861205677&redirect=https%3A%2F%2Fallegro.pl%2Foferta%2Fkaczuszka-gumowa-zabawka-do-kapieli-20szt-za1163-9608879290%3Fbi_s%3Dads%26bi_m%3Dlisting%253Adesktop%253Aqueryandcategory%26bi_c%3DNjVlZDlhMzAtNjNjOS00NzA4LThlZjctMDJmZWIxY2ZhY2Y1AA%26bi_t%3Dape&placement=listing:desktop:queryandcategory&sig=626f190ef941bc19775dcd90b820baa3
KACZUSZKA gumowa zabawka do k¹pieli 20szt. ZA1163,60,20,https://allegro.pl/events/clicks?emission_unit_id=cbdeb534-f91b-4b6b-a7bc-faeecaa45b02&type=OFFER&ts=1600861205677&redirect=https%3A%2F%2Fallegro.pl%2Foferta%2Fkaczuszka-gumowa-zabawka-do-kapieli-20szt-za1163-9613322033%3Fbi_s%3Dads%26bi_m%3Dlisting%253Adesktop%253Aqueryandcategory%26bi_c%3DZjJkNTlhOWQtNmQ5Yi00NjM5LTg0Y2YtZjAxMWQwY2RiYmI2AA%26bi_t%3Dape&placement=listing:desktop:queryandcategory&sig=05208236433a74057ac4788b111b9103
Kaczuszki p³ywaj¹ce,0,1,https://allegro.pl/oferta/kaczuszki-plywajace-9612664951
Zabawka do k¹pieli nakrêcana p³ywaj¹ca kaczuszka,0,1,https://allegro.pl/oferta/zabawka-do-kapieli-nakrecana-plywajaca-kaczuszka-9727337646
GUMOWE PISZCZ¥CE KACZKI KACZUSZKI DO K¥PIELI 4 szt,4,4,https://allegro.pl/oferta/gumowe-piszczace-kaczki-kaczuszki-do-kapieli-4-szt-9518587990
"KACZUSZKI,¯ABKI,DELFINKI 16SZT",0,16,https://allegro.pl/oferta/kaczuszki-zabki-delfinki-16szt-9494110970
Gumowe zabawki do K¹pieli Kaczki Kaczuszki,0,1,https://allegro.pl/oferta/gumowe-zabawki-do-kapieli-kaczki-kaczuszki-9546851826
Zabawki do Wody Kaczki Kaczuszki Gumowe,0,1,https://allegro.pl/oferta/zabawki-do-wody-kaczki-kaczuszki-gumowe-9546859211
Zabawki do Wanny Kaczki Kaczuszki Gumowe,0,1,https://allegro.pl/oferta/zabawki-do-wanny-kaczki-kaczuszki-gumowe-9546857780
Zabawki do K¹pieli Kaczki Kaczuszki Gumowe,0,1,https://allegro.pl/oferta/zabawki-do-kapieli-kaczki-kaczuszki-gumowe-9540284521
Gumowa kaczuszka kaczka do k¹pieli Hevea,0,1,https://allegro.pl/oferta/gumowa-kaczuszka-kaczka-do-kapieli-hevea-9613010378
Gumowa kaczuszka kaczka do k¹pieli Hevea,0,1,https://allegro.pl/oferta/gumowa-kaczuszka-kaczka-do-kapieli-hevea-9722145373
ZESTAW GUMOWE KACZUSZKI DO K¥PIELI PISZCZKI 8 SZT,0,8,https://allegro.pl/oferta/zestaw-gumowe-kaczuszki-do-kapieli-piszczki-8-szt-9712659312
Kaczuszka do wody,0,1,https://allegro.pl/oferta/kaczuszka-do-wody-9693318044
Mydelcznika Kaczka Kaczuszki do K¹pieli K¹pielowe,0,1,https://allegro.pl/oferta/mydelcznika-kaczka-kaczuszki-do-kapieli-kapielowe-9613915075
KACZUSZKA gumowa zabawka do k¹pieli 20szt. ZA1163,40,20,https://allegro.pl/events/clicks?emission_unit_id=8964cabf-281a-40fa-91e3-9be5d5f6380d&type=OFFER&ts=1600861205677&redirect=https%3A%2F%2Fallegro.pl%2Foferta%2Fkaczuszka-gumowa-zabawka-do-kapieli-20szt-za1163-9616652071%3Fbi_s%3Dads%26bi_m%3Dlisting%253Adesktop%253Aqueryandcategory%26bi_c%3DYWJmMzU3NDUtZjc0OS00MDg5LTg5MWUtMjhmNTg4OTQwNDI2AA%26bi_t%3Dape&placement=listing:desktop:queryandcategory&sig=013548d150d3eb220f500eba28ddf054
KACZUSZKI DO K¥PIELI GUMOWE 4 SZT PISZCZ¥CE,16,4,https://allegro.pl/events/clicks?emission_unit_id=494ca67a-9d9d-4ffc-9788-30ae344703e5&type=OFFER&ts=1600861205677&redirect=https%3A%2F%2Fallegro.pl%2Foferta%2Fkaczuszki-do-kapieli-gumowe-4-szt-piszczace-9648041580%3Fbi_s%3Dads%26bi_m%3Dlisting%253Adesktop%253Aqueryandcategory%26bi_c%3DOTUzNTYxNzQtZGFkZi00MmQ2LWFhODgtNDMyMjhmMGM0MzNmAA%26bi_t%3Dape&placement=listing:desktop:queryandcategory&sig=157899f3afa59588cff8b2de7bcb382c
KACZUSZKA gumowa zabawka do k¹pieli 20szt. ZA1163,700,20,https://allegro.pl/events/clicks?emission_unit_id=f0a2b10b-1b4e-4327-8b45-64392e8b59cc&type=OFFER&ts=1600861215941&redirect=https%3A%2F%2Fallegro.pl%2Foferta%2Fkaczuszka-gumowa-zabawka-do-kapieli-20szt-za1163-9608879290%3Fbi_s%3Dads%26bi_m%3Dlisting%253Adesktop%253Aqueryandcategory%26bi_c%3DNjVlZDlhMzAtNjNjOS00NzA4LThlZjctMDJmZWIxY2ZhY2Y1AA%26bi_t%3Dape&placement=listing:desktop:queryandcategory&sig=6d2e8cd0aa18bb9eaa0b7f47001184a6
KACZUSZKA gumowa zabawka do k¹pieli 20szt. ZA1163,60,20,https://allegro.pl/events/clicks?emission_unit_id=45a73746-361b-40aa-a8d1-d72c2fad0f03&type=OFFER&ts=1600861215942&redirect=https%3A%2F%2Fallegro.pl%2Foferta%2Fkaczuszka-gumowa-zabawka-do-kapieli-20szt-za1163-9613322033%3Fbi_s%3Dads%26bi_m%3Dlisting%253Adesktop%253Aqueryandcategory%26bi_c%3DZjJkNTlhOWQtNmQ5Yi00NjM5LTg0Y2YtZjAxMWQwY2RiYmI2AA%26bi_t%3Dape&placement=listing:desktop:queryandcategory&sig=2a8c7c0028ca48f8417853b6d37aa8b3
"Rodzina Kaczuszek z naturalnego kauczuku, HEVEA",0,1,https://allegro.pl/oferta/rodzina-kaczuszek-z-naturalnego-kauczuku-hevea-9583811832
Zabawka do k¹pieli nakrêcana p³ywaj¹ca kaczuszka,0,1,https://allegro.pl/oferta/zabawka-do-kapieli-nakrecana-plywajaca-kaczuszka-9727337646
"KACZUSZKI,¯ABKI,DELFINKI 16SZT",0,16,https://allegro.pl/oferta/kaczuszki-zabki-delfinki-16szt-9494110970
GUMOWE PISZCZ¥CE KACZKI KACZUSZKI DO K¥PIELI 4 szt,4,4,https://allegro.pl/oferta/gumowe-piszczace-kaczki-kaczuszki-do-kapieli-4-szt-9518587990
Gumowe zabawki do K¹pieli Kaczki Kaczuszki,0,1,https://allegro.pl/oferta/gumowe-zabawki-do-kapieli-kaczki-kaczuszki-9546851826
Gumowa kaczuszka kaczka do k¹pieli Hevea,0,1,https://allegro.pl/oferta/gumowa-kaczuszka-kaczka-do-kapieli-hevea-9722145373
Zabawki do K¹pieli Kaczki Kaczuszki Gumowe,0,1,https://allegro.pl/oferta/zabawki-do-kapieli-kaczki-kaczuszki-gumowe-9540284521
Gumowa kaczuszka kaczka do k¹pieli Hevea,0,1,https://allegro.pl/oferta/gumowa-kaczuszka-kaczka-do-kapieli-hevea-9613010378
Zabawki do Wody Kaczki Kaczuszki Gumowe,0,1,https://allegro.pl/oferta/zabawki-do-wody-kaczki-kaczuszki-gumowe-9546859211
Zabawki do Wanny Kaczki Kaczuszki Gumowe,0,1,https://allegro.pl/oferta/zabawki-do-wanny-kaczki-kaczuszki-gumowe-9546857780
ZESTAW GUMOWE KACZUSZKI DO K¥PIELI PISZCZKI 8 SZT,0,8,https://allegro.pl/oferta/zestaw-gumowe-kaczuszki-do-kapieli-piszczki-8-szt-9712659312
Kaczuszka do wody,0,1,https://allegro.pl/oferta/kaczuszka-do-wody-9693318044
Mydelcznika Kaczka Kaczuszki do K¹pieli K¹pielowe,0,1,https://allegro.pl/oferta/mydelcznika-kaczka-kaczuszki-do-kapieli-kapielowe-9613915075
KACZUSZKA gumowa zabawka do k¹pieli 20szt. ZA1163,40,20,https://allegro.pl/events/clicks?emission_unit_id=45282e06-18ea-42ee-9e8c-4281ce538e74&type=OFFER&ts=1600861215942&redirect=https%3A%2F%2Fallegro.pl%2Foferta%2Fkaczuszka-gumowa-zabawka-do-kapieli-20szt-za1163-9616652071%3Fbi_s%3Dads%26bi_m%3Dlisting%253Adesktop%253Aqueryandcategory%26bi_c%3DYWJmMzU3NDUtZjc0OS00MDg5LTg5MWUtMjhmNTg4OTQwNDI2AA%26bi_t%3Dape&placement=listing:desktop:queryandcategory&sig=04d85bd5e56d1fd90d609bba4f4301f0
KACZUSZKI DO K¥PIELI GUMOWE 4 SZT PISZCZ¥CE,16,4,https://allegro.pl/events/clicks?emission_unit_id=9e4b1003-ce08-44de-8e6c-e2014d1eb633&type=OFFER&ts=1600861215942&redirect=https%3A%2F%2Fallegro.pl%2Foferta%2Fkaczuszki-do-kapieli-gumowe-4-szt-piszczace-9648041580%3Fbi_s%3Dads%26bi_m%3Dlisting%253Adesktop%253Aqueryandcategory%26bi_c%3DOTUzNTYxNzQtZGFkZi00MmQ2LWFhODgtNDMyMjhmMGM0MzNmAA%26bi_t%3Dape&placement=listing:desktop:queryandcategory&sig=e05f684268fdd12db1d297febfcfb280
